"person_id","age","rating","vehicle_condition","type_of_vehicle"
BHPRES12DEL02 ,20,4.5,1,motorcycle 
CHENRES11DEL03 ,35,4.1,1,motorcycle 
BANGRES010DEL03 ,39,4.6,1,scooter 
VADRES20DEL01 ,34,4.7,2,electric_scooter 
BANGRES11DEL01 ,27,4.7,2,scooter 
DEHRES01DEL01 ,30,4.8,1,motorcycle 
CHENRES02DEL01 ,25,4.4,2,scooter 
JAPRES03DEL02 ,30,5.0,1,motorcycle 
HYDRES04DEL03 ,24,4.6,1,motorcycle 
PUNERES14DEL02 ,39,4.8,1,motorcycle 
GOARES04DEL01 ,25,4.8,1,scooter 
MUMRES15DEL03 ,36,4.7,1,scooter 
AURGRES08DEL02 ,37,4.6,0,motorcycle 
BANGRES12DEL01 ,24,5.0,0,motorcycle 
HYDRES05DEL01 ,25,4.2,0,motorcycle 
RANCHIRES17DEL01 ,32,4.6,2,motorcycle 
AGRRES010DEL01 ,34,4.7,1,scooter 
INDORES12DEL02 ,38,4.9,2,scooter 
JAPRES15DEL03 ,36,4.8,2,electric_scooter 
SURRES16DEL01 ,25,5.0,1,motorcycle 
MYSRES16DEL02 ,29,5.0,0,motorcycle 
MUMRES05DEL03 ,36,4.7,2,electric_scooter 
COIMBRES19DEL02 ,33,4.7,0,motorcycle 
MYSRES07DEL01 ,36,4.4,2,scooter 
PUNERES17DEL01 ,21,4.8,0,motorcycle 
HYDRES19DEL03 ,25,4.8,1,scooter 
MUMRES14DEL02 ,23,4.8,0,motorcycle 
COIMBRES02DEL01 ,25,4.6,2,motorcycle 
INDORES05DEL02 ,24,4.3,0,motorcycle 
BANGRES03DEL03 ,27,4.6,0,motorcycle 
MUMRES11DEL01 ,23,4.8,2,scooter 
MYSRES12DEL02 ,21,4.3,1,scooter 
SURRES09DEL02 ,27,4.7,2,scooter 
COIMBRES12DEL02 ,32,4.2,1,motorcycle 
KNPRES05DEL02 ,39,4.7,1,scooter 
SURRES05DEL02 ,27,4.6,0,motorcycle 
MUMRES15DEL01 ,39,3.8,1,motorcycle 
BANGRES15DEL02 ,31,4.8,1,scooter 
RANCHIRES11DEL03 ,31,4.8,2,electric_scooter 
MYSRES08DEL01 ,20,4.8,0,motorcycle 
RANCHIRES07DEL02 ,36,4.9,0,motorcycle 
RANCHIRES01DEL03 ,20,4.9,0,motorcycle 
JAPRES17DEL03 ,24,4.6,0,motorcycle 
INDORES14DEL01 ,39,4.2,1,scooter 
COIMBRES17DEL01 ,37,4.8,2,scooter 
KNPRES17DEL02 ,22,4.5,1,scooter 
RANCHIRES04DEL01 ,33,4.7,1,scooter 
KOLRES17DEL03 ,23,NaN,0,motorcycle 
BANGRES19DEL02 ,27,4.6,0,motorcycle 
MUMRES17DEL01 ,34,4.7,2,scooter 
SURRES14DEL01 ,26,5.0,2,scooter 
VADRES14DEL03 ,31,4.6,0,motorcycle 
PUNERES09DEL02 ,32,4.9,2,motorcycle 
INDORES19DEL02 ,27,4.7,1,motorcycle 
BANGRES12DEL02 ,28,4.8,1,motorcycle 
VADRES04DEL01 ,24,4.9,1,scooter 
BANGRES11DEL03 ,20,4.6,0,motorcycle 
COIMBRES13DEL03 ,31,4.3,0,motorcycle 
CHENRES19DEL01 ,31,4.2,0,motorcycle 
HYDRES02DEL03 ,39,4.1,1,scooter 
SURRES010DEL02 ,29,4.6,2,electric_scooter 
SURRES03DEL01 ,29,4.6,1,scooter 
COIMBRES17DEL03 ,37,4.9,0,motorcycle 
VADRES08DEL01 ,33,4.7,0,motorcycle 
MUMRES08DEL01 ,31,3.9,1,scooter 
VADRES18DEL01 ,37,4.6,0,motorcycle 
BANGRES04DEL03 ,26,4.4,0,motorcycle 
RANCHIRES12DEL02 ,23,4.8,1,scooter 
MYSRES13DEL01 ,39,4.8,0,motorcycle 
COIMBRES03DEL02 ,20,4.7,0,motorcycle 
KOLRES04DEL03 ,29,4.3,0,motorcycle 
COIMBRES11DEL01 ,36,4.8,2,motorcycle 
VADRES13DEL03 ,36,4.0,0,motorcycle 
RANCHIRES04DEL02 ,22,4.8,1,scooter 
SURRES01DEL02 ,39,4.9,0,motorcycle 
INDORES08DEL02 ,24,4.9,1,scooter 
HYDRES18DEL03 ,35,4.8,0,motorcycle 
PUNERES05DEL03 ,-1,NaN,2,scooter 
CHENRES07DEL03 ,33,4.5,2,electric_scooter 
KOCRES010DEL01 ,39,4.7,1,motorcycle 
VADRES11DEL02 ,31,4.3,1,motorcycle 
CHENRES20DEL01 ,37,4.5,2,scooter 
MUMRES13DEL01 ,33,5.0,1,motorcycle 
RANCHIRES03DEL03 ,24,4.6,2,scooter 
JAPRES08DEL02 ,33,4.5,1,scooter 
ALHRES12DEL01 ,39,4.7,2,motorcycle 
HYDRES19DEL02 ,25,4.9,2,scooter 
PUNERES17DEL03 ,28,4.8,1,scooter 
MYSRES010DEL01 ,38,4.7,2,motorcycle 
MUMRES06DEL03 ,25,4.8,2,motorcycle 
MYSRES18DEL01 ,35,4.9,0,motorcycle 
RANCHIRES18DEL01 ,39,4.7,0,motorcycle 
INDORES06DEL02 ,38,3.9,1,motorcycle 
CHENRES15DEL03 ,35,4.7,1,motorcycle 
JAPRES07DEL02 ,29,4.7,1,motorcycle 
SURRES18DEL03 ,27,4.6,1,scooter 
SURRES19DEL01 ,36,4.9,2,motorcycle 
HYDRES04DEL01 ,26,4.0,1,motorcycle 
KNPRES16DEL03 ,26,4.1,2,motorcycle 
MYSRES12DEL03 ,36,4.9,1,motorcycle 
JAPRES09DEL01 ,21,4.7,0,motorcycle 
CHENRES04DEL02 ,35,4.7,2,electric_scooter 
MYSRES09DEL01 ,20,4.5,2,motorcycle 
PUNERES19DEL03 ,23,4.6,0,motorcycle 
KOLRES18DEL03 ,37,5.0,0,motorcycle 
BANGRES14DEL03 ,26,4.8,0,motorcycle 
INDORES09DEL01 ,26,4.9,1,motorcycle 
PUNERES09DEL03 ,29,4.8,0,motorcycle 
RANCHIRES01DEL02 ,29,4.7,2,motorcycle 
LUDHRES010DEL03 ,21,4.9,1,scooter 
MYSRES13DEL02 ,22,4.3,0,motorcycle 
COIMBRES11DEL02 ,20,4.5,1,motorcycle 
VADRES13DEL02 ,30,3.9,2,electric_scooter 
BANGRES01DEL01 ,36,4.8,0,motorcycle 
MYSRES15DEL01 ,32,4.7,2,electric_scooter 
CHENRES02DEL03 ,25,5.0,1,motorcycle 
HYDRES12DEL01 ,27,4.5,2,scooter 
BANGRES07DEL01 ,32,4.1,0,motorcycle 
CHENRES09DEL01 ,23,4.7,1,motorcycle 
BANGRES04DEL02 ,39,4.4,0,motorcycle 
JAPRES13DEL02 ,20,4.8,2,electric_scooter 
ALHRES07DEL03 ,29,4.6,1,scooter 
JAPRES06DEL03 ,26,4.9,2,scooter 
KOCRES03DEL01 ,25,5.0,1,motorcycle 
BANGRES13DEL01 ,34,4.7,1,motorcycle 
GOARES02DEL01 ,31,4.9,0,motorcycle 
RANCHIRES03DEL02 ,24,4.7,0,motorcycle 
HYDRES12DEL03 ,30,4.9,2,motorcycle 
JAPRES13DEL03 ,36,4.4,0,motorcycle 
JAPRES18DEL03 ,26,4.7,0,motorcycle 
VADRES05DEL01 ,30,4.6,2,scooter 
AURGRES02DEL03 ,20,4.8,2,scooter 
MUMRES20DEL03 ,34,4.0,0,motorcycle 
HYDRES14DEL02 ,36,4.6,0,motorcycle 
KNPRES02DEL02 ,33,4.6,1,motorcycle 
AURGRES19DEL01 ,22,4.8,1,motorcycle 
BANGRES08DEL02 ,27,4.9,2,scooter 
KNPRES16DEL01 ,32,4.8,2,scooter 
BANGRES010DEL02 ,26,4.8,0,motorcycle 
INDORES03DEL02 ,29,4.5,0,motorcycle 
COIMBRES16DEL02 ,31,4.5,0,motorcycle 
HYDRES20DEL01 ,28,4.6,2,motorcycle 
AGRRES08DEL03 ,21,4.8,1,motorcycle 
COIMBRES15DEL02 ,21,4.0,0,motorcycle 
ALHRES05DEL01 ,29,4.7,2,motorcycle 
MUMRES01DEL01 ,20,4.8,1,motorcycle 
AURGRES14DEL03 ,28,5.0,0,motorcycle 
CHENRES14DEL02 ,38,4.8,1,motorcycle 
HYDRES06DEL03 ,39,4.9,1,motorcycle 
COIMBRES16DEL01 ,24,4.9,0,motorcycle 
INDORES13DEL03 ,33,4.5,2,scooter 
INDORES12DEL03 ,35,4.2,1,motorcycle 
MUMRES13DEL03 ,27,4.2,0,motorcycle 
BANGRES06DEL03 ,29,4.5,0,motorcycle 
AGRRES11DEL02 ,34,4.7,1,scooter 
KNPRES15DEL02 ,20,4.7,2,scooter 
VADRES13DEL01 ,29,4.8,1,motorcycle 
VADRES01DEL03 ,22,4.9,2,scooter 
AGRRES03DEL01 ,35,4.9,0,motorcycle 
KOCRES14DEL01 ,32,4.4,0,motorcycle 
LUDHRES18DEL01 ,28,4.9,2,motorcycle 
SURRES20DEL02 ,23,4.8,0,motorcycle 
INDORES18DEL02 ,22,4.8,2,motorcycle 
AURGRES04DEL02 ,29,4.5,2,motorcycle 
BANGRES010DEL01 ,38,4.1,0,motorcycle 
VADRES15DEL03 ,38,4.7,2,scooter 
DEHRES010DEL01 ,32,4.3,1,scooter 
CHENRES05DEL02 ,25,4.9,0,motorcycle 
DEHRES12DEL02 ,39,4.1,1,motorcycle 
VADRES01DEL01 ,31,4.4,0,motorcycle 
SURRES13DEL02 ,37,4.5,0,motorcycle 
LUDHRES05DEL03 ,36,4.9,2,electric_scooter 
COIMBRES14DEL01 ,38,4.9,2,scooter 
AGRRES010DEL02 ,37,4.4,0,motorcycle 
SURRES14DEL03 ,21,4.9,2,scooter 
JAPRES04DEL03 ,35,4.9,2,electric_scooter 
JAPRES01DEL03 ,22,4.8,1,scooter 
HYDRES010DEL02 ,28,4.8,0,motorcycle 
CHENRES15DEL02 ,39,4.6,2,motorcycle 
MYSRES05DEL02 ,25,4.9,2,electric_scooter 
COIMBRES03DEL03 ,34,5.0,2,electric_scooter 
BANGRES01DEL02 ,22,4.8,1,motorcycle 
KNPRES12DEL01 ,27,5.0,0,motorcycle 
MUMRES010DEL01 ,28,4.5,0,motorcycle 
COIMBRES20DEL03 ,32,5.0,2,scooter 
HYDRES16DEL01 ,27,4.6,0,motorcycle 
MUMRES01DEL02 ,35,3.9,1,motorcycle 
MYSRES08DEL03 ,22,4.6,1,motorcycle 
AURGRES16DEL03 ,35,4.7,2,electric_scooter 
VADRES11DEL01 ,30,4.6,0,motorcycle 
MYSRES09DEL02 ,39,4.8,2,scooter 
PUNERES05DEL02 ,20,4.7,2,scooter 
MYSRES02DEL03 ,34,4.2,0,motorcycle 
MYSRES03DEL01 ,22,4.7,0,motorcycle 
JAPRES16DEL02 ,37,4.3,2,scooter 
SURRES15DEL02 ,33,4.9,1,motorcycle 
VADRES06DEL01 ,33,4.6,0,motorcycle 
MUMRES19DEL03 ,30,4.6,0,motorcycle 
HYDRES05DEL03 ,32,4.9,1,scooter 
AURGRES12DEL02 ,39,4.9,0,motorcycle 
MUMRES07DEL03 ,20,4.5,1,scooter 
JAPRES16DEL01 ,36,5.0,2,scooter 
BANGRES09DEL02 ,28,4.8,1,scooter 
PUNERES12DEL02 ,32,4.5,0,motorcycle 
SURRES07DEL01 ,30,4.7,0,motorcycle 
PUNERES19DEL01 ,32,4.4,0,motorcycle 
INDORES15DEL03 ,23,4.6,0,motorcycle 
INDORES17DEL03 ,31,4.2,2,electric_scooter 
MUMRES13DEL02 ,37,4.6,2,electric_scooter 
SURRES18DEL02 ,20,4.5,0,motorcycle 
RANCHIRES010DEL02 ,34,4.8,1,scooter 
RANCHIRES01DEL01 ,32,4.5,2,motorcycle 
PUNERES12DEL01 ,34,4.9,2,scooter 
INDORES07DEL03 ,33,3.9,2,electric_scooter 
MYSRES02DEL02 ,34,4.7,0,motorcycle 
SURRES05DEL01 ,26,4.6,1,scooter 
BANGRES13DEL02 ,31,4.0,0,motorcycle 
SURRES010DEL01 ,39,4.8,0,motorcycle 
ALHRES09DEL01 ,27,4.8,1,motorcycle 
HYDRES18DEL02 ,32,5.0,2,scooter 
KOLRES03DEL02 ,32,4.5,0,motorcycle 
RANCHIRES16DEL01 ,39,4.1,0,motorcycle 
BANGRES16DEL03 ,37,4.1,0,motorcycle 
PUNERES06DEL01 ,34,3.8,1,scooter 
CHENRES15DEL01 ,32,4.9,1,motorcycle 
JAPRES010DEL03 ,22,4.7,1,motorcycle 
MYSRES15DEL02 ,27,4.0,0,motorcycle 
COIMBRES19DEL01 ,29,4.9,1,scooter 
COIMBRES09DEL03 ,38,4.8,0,motorcycle 
SURRES19DEL02 ,35,4.8,2,motorcycle 
BANGRES20DEL03 ,31,4.9,0,motorcycle 
CHENRES16DEL03 ,30,4.3,1,scooter 
RANCHIRES12DEL03 ,24,4.9,1,motorcycle 
HYDRES11DEL03 ,33,4.8,2,motorcycle 
DEHRES19DEL01 ,29,4.6,0,motorcycle 
RANCHIRES18DEL03 ,26,4.9,0,motorcycle 
VADRES07DEL01 ,39,4.8,2,scooter 
JAPRES07DEL03 ,26,4.7,2,motorcycle 
INDORES07DEL01 ,35,4.7,2,motorcycle 
AURGRES03DEL01 ,26,4.6,1,motorcycle 
CHENRES17DEL01 ,32,5.0,1,scooter 
JAPRES20DEL03 ,37,4.9,0,motorcycle 
KOCRES14DEL02 ,26,4.9,2,scooter 
COIMBRES09DEL02 ,31,4.8,1,scooter 
CHENRES08DEL03 ,37,4.6,1,motorcycle 
INDORES010DEL03 ,37,4.8,0,motorcycle 
SURRES04DEL03 ,21,4.4,0,motorcycle 
BANGRES16DEL01 ,22,4.0,0,motorcycle 
CHENRES14DEL01 ,38,4.5,1,motorcycle 
CHENRES03DEL01 ,28,4.0,0,motorcycle 
VADRES09DEL02 ,29,4.7,1,scooter 
SURRES12DEL02 ,24,4.8,2,scooter 
PUNERES11DEL03 ,26,4.9,0,motorcycle 
BANGRES15DEL01 ,32,4.0,0,motorcycle 
GOARES17DEL01 ,34,4.6,2,electric_scooter 
JAPRES19DEL02 ,27,4.5,1,motorcycle 
KOLRES18DEL01 ,29,5.0,1,motorcycle 
SURRES07DEL02 ,24,4.9,2,motorcycle 
INDORES12DEL01 ,21,4.9,1,motorcycle 
LUDHRES16DEL01 ,33,4.4,0,motorcycle 
RANCHIRES06DEL03 ,35,4.7,1,motorcycle 
MUMRES16DEL01 ,29,4.8,1,motorcycle 
BANGRES08DEL01 ,29,4.6,0,motorcycle 
AGRRES01DEL02 ,24,4.4,2,scooter 
CHENRES010DEL01 ,27,4.6,2,scooter 
COIMBRES20DEL02 ,33,4.1,0,motorcycle 
COIMBRES14DEL03 ,21,4.7,1,scooter 
CHENRES010DEL02 ,34,4.8,2,scooter 
MUMRES07DEL02 ,20,4.7,1,scooter 
ALHRES11DEL01 ,20,4.8,0,motorcycle 
DEHRES07DEL02 ,37,4.7,2,scooter 
INDORES08DEL03 ,39,4.6,1,motorcycle 
HYDRES01DEL01 ,26,5.0,0,motorcycle 
ALHRES11DEL02 ,32,4.9,0,motorcycle 
PUNERES13DEL03 ,21,4.7,2,scooter 
BANGRES20DEL02 ,35,4.8,2,scooter 
KOCRES20DEL01 ,27,4.9,0,motorcycle 
HYDRES04DEL02 ,33,4.8,0,motorcycle 
LUDHRES07DEL02 ,20,4.6,2,motorcycle 
PUNERES010DEL01 ,31,4.2,1,scooter 
VADRES010DEL02 ,37,4.9,1,scooter 
BANGRES14DEL02 ,34,4.4,2,scooter 
COIMBRES05DEL03 ,25,4.7,1,motorcycle 
AURGRES07DEL02 ,37,4.7,0,motorcycle 
KOCRES11DEL01 ,23,4.7,1,scooter 
MYSRES17DEL01 ,27,5.0,0,motorcycle 
HYDRES13DEL02 ,36,4.7,2,electric_scooter 
JAPRES14DEL03 ,30,4.3,0,motorcycle 
AURGRES20DEL01 ,20,4.9,1,motorcycle 
VADRES07DEL02 ,36,4.0,0,motorcycle 
CHENRES08DEL02 ,20,4.7,2,scooter 
AURGRES05DEL02 ,38,5.0,1,scooter 
JAPRES17DEL02 ,34,3.5,2,motorcycle 
RANCHIRES04DEL03 ,33,4.6,0,motorcycle 
KOLRES14DEL02 ,21,4.6,1,scooter 
VADRES14DEL01 ,23,4.9,0,motorcycle 
LUDHRES06DEL02 ,34,4.9,1,motorcycle 
HYDRES010DEL01 ,25,4.7,2,scooter 
ALHRES08DEL03 ,28,4.9,2,electric_scooter 
PUNERES07DEL01 ,34,3.7,1,scooter 
JAPRES20DEL01 ,24,4.5,1,scooter 
CHENRES14DEL03 ,31,5.0,1,motorcycle 
MUMRES14DEL03 ,38,4.6,1,scooter 
DEHRES04DEL03 ,32,4.8,1,motorcycle 
AURGRES03DEL03 ,28,5.0,0,motorcycle 
VADRES16DEL01 ,39,4.8,1,scooter 
INDORES02DEL03 ,33,4.8,2,electric_scooter 
ALHRES17DEL03 ,37,4.9,1,scooter 
AURGRES03DEL02 ,36,5.0,0,motorcycle 
SURRES04DEL01 ,30,4.2,1,motorcycle 
VADRES18DEL02 ,22,4.8,0,motorcycle 
BANGRES20DEL01 ,31,4.4,0,motorcycle 
SURRES19DEL03 ,36,4.6,2,scooter 
HYDRES07DEL01 ,32,4.7,0,motorcycle 
RANCHIRES14DEL01 ,23,4.2,0,motorcycle 
INDORES15DEL02 ,26,4.7,2,scooter 
COIMBRES12DEL03 ,23,4.6,2,scooter 
SURRES03DEL02 ,22,4.9,1,motorcycle 
CHENRES02DEL02 ,32,4.1,1,scooter 
JAPRES13DEL01 ,25,4.7,1,motorcycle 
AGRRES07DEL02 ,31,4.3,0,motorcycle 
MYSRES11DEL02 ,36,4.3,1,scooter 
PUNERES04DEL03 ,20,4.9,0,motorcycle 
AGRRES02DEL03 ,38,4.1,2,scooter 
VADRES06DEL03 ,37,4.7,0,motorcycle 
JAPRES05DEL01 ,28,5.0,2,scooter 
HYDRES03DEL02 ,31,4.0,1,scooter 
HYDRES15DEL02 ,30,4.9,0,motorcycle 
KOLRES03DEL03 ,27,4.9,2,motorcycle 
PUNERES11DEL02 ,30,4.9,2,motorcycle 
INDORES01DEL02 ,34,4.9,0,motorcycle 
COIMBRES17DEL02 ,37,4.8,2,scooter 
JAPRES08DEL03 ,34,4.9,0,motorcycle 
HYDRES16DEL03 ,23,4.1,2,electric_scooter 
VADRES12DEL02 ,20,4.9,1,motorcycle 
PUNERES01DEL03 ,26,4.1,0,motorcycle 
RANCHIRES14DEL02 ,34,4.5,0,motorcycle 
PUNERES18DEL03 ,21,4.7,2,scooter 
COIMBRES010DEL01 ,35,4.6,0,motorcycle 
JAPRES02DEL01 ,20,4.7,2,electric_scooter 
MUMRES20DEL02 ,24,4.1,2,electric_scooter 
DEHRES08DEL03 ,36,4.8,0,motorcycle 
JAPRES20DEL02 ,31,4.7,2,electric_scooter 
MYSRES19DEL03 ,20,4.8,1,scooter 
BHPRES03DEL02 ,25,4.6,1,scooter 
RANCHIRES11DEL02 ,36,4.9,1,motorcycle 
COIMBRES15DEL01 ,38,4.8,1,motorcycle 
BANGRES09DEL01 ,34,4.3,0,motorcycle 
MYSRES01DEL02 ,32,3.6,2,scooter 
MYSRES19DEL02 ,22,4.6,2,motorcycle 
RANCHIRES16DEL02 ,39,4.8,0,motorcycle 
SURRES18DEL01 ,34,4.9,1,motorcycle 
BANGRES02DEL02 ,21,4.7,1,motorcycle 
INDORES04DEL02 ,30,4.6,2,electric_scooter 
PUNERES15DEL01 ,25,4.5,0,motorcycle 
MYSRES14DEL03 ,31,4.0,0,motorcycle 
VADRES14DEL02 ,31,4.7,2,electric_scooter 
HYDRES13DEL01 ,27,4.6,2,motorcycle 
BANGRES03DEL02 ,23,4.8,1,motorcycle 
ALHRES11DEL03 ,34,4.8,1,scooter 
PUNERES14DEL01 ,22,3.5,2,motorcycle 
BHPRES15DEL03 ,38,4.8,1,scooter 
ALHRES19DEL03 ,26,5.0,1,scooter 
COIMBRES19DEL03 ,26,4.6,0,motorcycle 
JAPRES03DEL03 ,25,4.3,2,scooter 
BANGRES04DEL01 ,25,5.0,1,scooter 
ALHRES09DEL02 ,30,4.7,2,motorcycle 
CHENRES09DEL02 ,33,4.2,2,scooter 
COIMBRES02DEL02 ,39,4.9,1,motorcycle 
MYSRES05DEL03 ,34,4.5,2,motorcycle 
BANGRES06DEL02 ,24,4.2,2,scooter 
INDORES16DEL02 ,28,4.9,0,motorcycle 
AURGRES11DEL01 ,39,4.9,0,motorcycle 
RANCHIRES20DEL02 ,21,5.0,1,scooter 
AURGRES09DEL03 ,35,4.8,2,scooter 
KOLRES11DEL02 ,25,4.5,0,motorcycle 
MYSRES20DEL01 ,28,4.7,1,scooter 
RANCHIRES010DEL01 ,31,4.8,1,motorcycle 
JAPRES06DEL01 ,28,4.5,2,scooter 
LUDHRES18DEL03 ,20,3.9,0,motorcycle 
GOARES19DEL01 ,34,4.6,2,scooter 
KOLRES20DEL02 ,20,4.7,0,motorcycle 
INDORES08DEL01 ,32,4.0,0,motorcycle 
BHPRES03DEL03 ,25,4.7,1,scooter 
VADRES19DEL03 ,29,5.0,0,motorcycle 
JAPRES09DEL03 ,23,4.7,0,motorcycle 
INDORES06DEL03 ,33,5.0,1,scooter 
MUMRES09DEL03 ,25,4.8,0,motorcycle 
DEHRES08DEL01 ,22,4.6,0,motorcycle 
SURRES15DEL01 ,35,4.7,2,electric_scooter 
CHENRES05DEL03 ,20,4.8,2,scooter 
VADRES11DEL03 ,20,3.5,0,motorcycle 
VADRES08DEL03 ,24,4.4,0,motorcycle 
INDORES20DEL02 ,22,5.0,2,scooter 
VADRES15DEL01 ,32,4.3,0,motorcycle 
RANCHIRES15DEL03 ,34,4.6,0,motorcycle 
LUDHRES04DEL03 ,39,4.6,1,scooter 
RANCHIRES17DEL02 ,27,4.7,2,scooter 
JAPRES04DEL02 ,35,4.8,2,electric_scooter 
PUNERES06DEL02 ,24,4.8,1,motorcycle 
BHPRES11DEL03 ,25,4.9,0,motorcycle 
PUNERES09DEL01 ,28,4.8,1,motorcycle 
JAPRES06DEL02 ,35,4.9,2,scooter 
CHENRES18DEL03 ,31,4.9,0,motorcycle 
BANGRES17DEL03 ,31,4.8,2,scooter 
GOARES19DEL02 ,24,4.7,2,scooter 
MUMRES15DEL02 ,33,5.0,2,scooter 
BHPRES04DEL01 ,39,4.6,1,scooter 
KNPRES19DEL03 ,37,4.5,0,motorcycle 
KOLRES04DEL01 ,29,4.8,1,scooter 
RANCHIRES20DEL01 ,29,5.0,1,motorcycle 
KOLRES12DEL01 ,30,4.8,2,electric_scooter 
COIMBRES06DEL03 ,23,5.0,2,scooter 
LUDHRES08DEL01 ,36,4.5,1,motorcycle 
HYDRES010DEL03 ,38,4.9,1,motorcycle 
BHPRES14DEL03 ,32,4.7,2,scooter 
MYSRES20DEL02 ,35,4.8,2,scooter 
CHENRES18DEL01 ,27,4.6,0,motorcycle 
BANGRES14DEL01 ,23,5.0,2,electric_scooter 
COIMBRES04DEL02 ,37,4.2,2,scooter 
CHENRES09DEL03 ,36,4.9,0,motorcycle 
AGRRES02DEL02 ,32,4.9,1,motorcycle 
RANCHIRES09DEL03 ,38,4.8,2,motorcycle 
ALHRES010DEL02 ,27,5.0,2,scooter 
HYDRES06DEL01 ,31,4.4,0,motorcycle 
HYDRES20DEL02 ,21,4.2,0,motorcycle 
COIMBRES07DEL02 ,20,4.9,0,motorcycle 
CHENRES18DEL02 ,27,4.7,0,motorcycle 
AURGRES01DEL02 ,35,4.1,0,motorcycle 
MYSRES02DEL01 ,31,4.8,1,scooter 
DEHRES02DEL01 ,33,4.8,2,scooter 
JAPRES15DEL01 ,23,5.0,2,scooter 
VADRES12DEL01 ,29,4.7,1,motorcycle 
AURGRES13DEL02 ,30,5.0,2,scooter 
HYDRES11DEL02 ,39,4.9,0,motorcycle 
VADRES20DEL02 ,36,4.8,1,motorcycle 
SURRES11DEL02 ,30,4.8,1,motorcycle 
CHENRES17DEL02 ,33,4.7,0,motorcycle 
BANGRES11DEL02 ,25,4.8,1,motorcycle 
LUDHRES13DEL03 ,26,4.7,1,motorcycle 
VADRES010DEL01 ,30,5.0,2,scooter 
GOARES07DEL02 ,37,4.7,0,motorcycle 
DEHRES14DEL02 ,39,4.7,0,motorcycle 
INDORES14DEL02 ,21,4.9,2,motorcycle 
JAPRES010DEL01 ,38,4.9,2,scooter 
AGRRES04DEL02 ,35,4.9,0,motorcycle 
VADRES09DEL03 ,39,4.9,2,scooter 
CHENRES010DEL03 ,39,4.2,2,scooter 
AGRRES09DEL03 ,32,4.0,0,motorcycle 
VADRES01DEL02 ,30,4.4,2,scooter 
RANCHIRES06DEL01 ,20,4.5,0,motorcycle 
DEHRES12DEL03 ,28,4.6,2,scooter 
AURGRES01DEL01 ,26,4.6,1,motorcycle 
ALHRES18DEL02 ,31,4.3,0,motorcycle 
GOARES20DEL01 ,27,4.6,0,motorcycle 
MUMRES11DEL02 ,32,5.0,1,scooter 
SURRES06DEL01 ,34,5.0,1,motorcycle 
PUNERES07DEL02 ,37,4.7,2,scooter 
COIMBRES010DEL03 ,21,4.9,2,scooter 
VADRES04DEL02 ,23,4.8,1,motorcycle 
COIMBRES06DEL01 ,22,4.9,1,motorcycle 
JAPRES05DEL03 ,32,4.6,0,motorcycle 
GOARES17DEL03 ,36,4.9,1,motorcycle 
PUNERES06DEL03 ,21,4.9,1,motorcycle 
VADRES19DEL01 ,36,4.9,0,motorcycle 
BHPRES07DEL02 ,36,4.6,1,scooter 
RANCHIRES05DEL01 ,27,4.5,0,motorcycle 
KOLRES17DEL02 ,37,4.8,2,electric_scooter 
INDORES18DEL01 ,21,4.7,2,scooter 
BHPRES08DEL01 ,27,4.8,1,motorcycle 
RANCHIRES16DEL03 ,32,4.1,0,motorcycle 
RANCHIRES09DEL01 ,25,5.0,1,motorcycle 
PUNERES02DEL02 ,33,4.9,2,motorcycle 
HYDRES11DEL01 ,31,4.7,1,motorcycle 
CHENRES12DEL02 ,29,4.5,0,motorcycle 
HYDRES09DEL03 ,34,4.5,2,electric_scooter 
PUNERES08DEL03 ,36,4.2,0,motorcycle 
LUDHRES08DEL03 ,25,4.6,2,scooter 
BHPRES19DEL02 ,27,4.8,1,scooter 
CHENRES04DEL03 ,33,4.7,2,scooter 
JAPRES12DEL03 ,28,4.9,2,motorcycle 
INDORES13DEL02 ,25,4.2,0,motorcycle 
HYDRES16DEL02 ,36,4.7,2,motorcycle 
COIMBRES01DEL01 ,39,4.9,2,scooter 
KOCRES09DEL03 ,34,4.7,1,motorcycle 
ALHRES20DEL02 ,33,4.8,1,scooter 
MYSRES08DEL02 ,31,4.6,0,motorcycle 
JAPRES05DEL02 ,29,4.7,1,scooter 
SURRES02DEL01 ,32,3.8,2,motorcycle 
PUNERES15DEL02 ,29,4.0,0,motorcycle 
RANCHIRES18DEL02 ,24,5.0,2,motorcycle 
INDORES05DEL01 ,39,4.7,2,electric_scooter 
HYDRES12DEL02 ,20,4.9,0,motorcycle 
JAPRES11DEL03 ,31,4.6,2,motorcycle 
MUMRES06DEL01 ,22,4.9,0,motorcycle 
RANCHIRES08DEL01 ,34,4.8,2,motorcycle 
BHPRES05DEL01 ,25,4.8,0,motorcycle 
VADRES20DEL03 ,35,4.8,1,motorcycle 
SURRES06DEL02 ,20,4.9,0,motorcycle 
AGRRES16DEL01 ,38,3.8,1,motorcycle 
MYSRES04DEL01 ,29,4.7,2,motorcycle 
MUMRES20DEL01 ,27,4.4,0,motorcycle 
BANGRES07DEL02 ,38,4.8,2,electric_scooter 
BANGRES18DEL03 ,35,4.6,0,motorcycle 
RANCHIRES13DEL02 ,33,4.6,1,motorcycle 
COIMBRES06DEL02 ,29,4.9,2,motorcycle 
LUDHRES12DEL02 ,32,4.9,1,scooter 
HYDRES03DEL03 ,32,4.7,0,motorcycle 
LUDHRES20DEL03 ,29,4.8,1,scooter 
HYDRES07DEL02 ,38,4.8,1,scooter 
MYSRES11DEL03 ,20,4.9,1,motorcycle 
ALHRES12DEL02 ,23,4.7,1,motorcycle 
AURGRES19DEL02 ,25,4.7,1,scooter 
CHENRES16DEL02 ,28,4.1,1,scooter 
INDORES09DEL02 ,20,4.7,1,scooter 
HYDRES08DEL01 ,27,4.2,2,scooter 
MYSRES010DEL02 ,33,4.9,2,motorcycle 
GOARES11DEL03 ,26,4.8,1,motorcycle 
BANGRES13DEL03 ,21,4.2,0,motorcycle 
ALHRES12DEL03 ,22,4.7,2,electric_scooter 
MYSRES16DEL03 ,26,4.6,0,motorcycle 
INDORES09DEL03 ,25,4.9,2,scooter 
MYSRES20DEL03 ,32,5.0,1,motorcycle 
VADRES05DEL02 ,26,4.4,0,motorcycle 
INDORES11DEL01 ,20,4.9,1,scooter 
MUMRES16DEL03 ,29,5.0,0,motorcycle 
CHENRES04DEL01 ,21,4.6,2,scooter 
SURRES16DEL03 ,26,4.7,0,motorcycle 
KNPRES11DEL02 ,37,4.9,1,motorcycle 
PUNERES15DEL03 ,34,4.5,1,motorcycle 
KOCRES05DEL03 ,36,4.4,1,scooter 
INDORES13DEL01 ,35,4.8,2,scooter 
HYDRES02DEL01 ,24,4.7,2,electric_scooter 
RANCHIRES17DEL03 ,24,4.8,0,motorcycle 
SURRES08DEL02 ,34,4.6,1,motorcycle 
LUDHRES01DEL02 ,36,5.0,0,motorcycle 
AURGRES18DEL01 ,30,3.7,1,motorcycle 
KNPRES08DEL02 ,21,4.6,2,electric_scooter 
BHPRES12DEL01 ,22,4.4,1,motorcycle 
VADRES19DEL02 ,38,4.3,2,electric_scooter 
AURGRES14DEL01 ,28,4.5,2,motorcycle 
HYDRES15DEL01 ,21,4.3,0,motorcycle 
COIMBRES010DEL02 ,23,4.6,1,scooter 
PUNERES20DEL02 ,27,4.9,0,motorcycle 
SURRES13DEL03 ,36,4.3,0,motorcycle 
KOLRES12DEL03 ,26,4.1,0,motorcycle 
JAPRES15DEL02 ,39,4.9,2,motorcycle 
PUNERES05DEL01 ,31,4.8,2,motorcycle 
BANGRES18DEL01 ,37,4.7,0,motorcycle 
RANCHIRES08DEL02 ,39,4.3,0,motorcycle 
BHPRES07DEL01 ,34,3.5,1,motorcycle 
CHENRES06DEL02 ,29,4.7,2,motorcycle 
RANCHIRES13DEL03 ,31,4.8,0,motorcycle 
KOLRES07DEL02 ,33,4.9,0,motorcycle 
AGRRES08DEL02 ,26,4.6,1,motorcycle 
INDORES07DEL02 ,30,4.8,1,scooter 
MUMRES05DEL02 ,23,4.6,0,motorcycle 
KOLRES15DEL01 ,34,4.4,0,motorcycle 
PUNERES16DEL02 ,23,4.9,0,motorcycle 
SURRES20DEL01 ,21,4.9,1,motorcycle 
BHPRES06DEL02 ,36,4.8,1,motorcycle 
VADRES02DEL03 ,25,4.6,0,motorcycle 
PUNERES08DEL02 ,21,4.9,2,motorcycle 
JAPRES18DEL01 ,28,4.8,1,scooter 
LUDHRES04DEL01 ,35,4.1,2,scooter 
MYSRES17DEL03 ,36,4.6,0,motorcycle 
INDORES17DEL02 ,23,4.8,2,scooter 
JAPRES12DEL01 ,29,4.6,1,scooter 
PUNERES02DEL03 ,21,4.6,0,motorcycle 
JAPRES04DEL01 ,28,5.0,2,scooter 
CHENRES03DEL03 ,37,4.8,2,motorcycle 
AGRRES11DEL03 ,27,4.8,2,scooter 
PUNERES010DEL03 ,22,4.8,1,motorcycle 
INDORES11DEL03 ,29,4.3,0,motorcycle 
BANGRES06DEL01 ,38,4.9,0,motorcycle 
RANCHIRES02DEL03 ,26,4.9,2,electric_scooter 
SURRES12DEL03 ,35,4.2,0,motorcycle 
BHPRES04DEL03 ,30,5.0,0,motorcycle 
MUMRES18DEL01 ,25,4.6,0,motorcycle 
VADRES03DEL02 ,20,4.6,0,motorcycle 
MUMRES02DEL02 ,36,4.6,2,scooter 
CHENRES07DEL02 ,36,4.7,1,scooter 
CHENRES08DEL01 ,20,4.6,0,motorcycle 
MYSRES18DEL03 ,32,4.6,2,scooter 
KNPRES03DEL01 ,29,4.6,2,scooter 
KNPRES01DEL03 ,20,5.0,1,scooter 
PUNERES010DEL02 ,29,4.7,2,scooter 
MUMRES08DEL03 ,24,4.6,1,scooter 
KOCRES15DEL03 ,37,5.0,1,scooter 
CHENRES19DEL03 ,32,4.3,0,motorcycle 
GOARES010DEL03 ,20,4.7,2,motorcycle 
AGRRES09DEL02 ,23,4.8,1,scooter 
JAPRES03DEL01 ,30,4.8,1,scooter 
INDORES20DEL01 ,24,4.5,2,scooter 
MYSRES16DEL01 ,27,4.6,0,motorcycle 
HYDRES05DEL02 ,24,4.6,0,motorcycle 
MUMRES12DEL01 ,29,4.6,0,motorcycle 
BANGRES02DEL03 ,31,4.9,2,scooter 
AGRRES15DEL03 ,24,5.0,0,motorcycle 
LUDHRES01DEL03 ,37,4.8,2,scooter 
LUDHRES02DEL03 ,27,4.6,1,scooter 
VADRES17DEL02 ,24,4.7,1,scooter 
MUMRES010DEL03 ,36,4.7,2,electric_scooter 
PUNERES07DEL03 ,35,4.5,1,motorcycle 
LUDHRES07DEL03 ,20,4.7,1,motorcycle 
PUNERES12DEL03 ,22,4.7,2,scooter 
AGRRES15DEL01 ,22,4.5,2,scooter 
AURGRES06DEL01 ,22,4.4,1,motorcycle 
MYSRES07DEL03 ,20,4.7,0,motorcycle 
COIMBRES13DEL02 ,24,4.4,0,motorcycle 
COIMBRES04DEL01 ,20,4.9,0,motorcycle 
KNPRES15DEL03 ,32,4.8,0,motorcycle 
INDORES010DEL01 ,36,4.8,1,motorcycle 
RANCHIRES02DEL02 ,35,4.7,2,electric_scooter 
MUMRES09DEL02 ,23,4.7,2,motorcycle 
VADRES02DEL01 ,27,4.4,2,electric_scooter 
COIMBRES01DEL03 ,37,4.9,1,motorcycle 
MYSRES06DEL01 ,32,4.8,0,motorcycle 
COIMBRES03DEL01 ,34,4.5,0,motorcycle 
MUMRES18DEL02 ,23,4.5,2,electric_scooter 
BANGRES02DEL01 ,37,4.9,0,motorcycle 
RANCHIRES09DEL02 ,20,4.6,1,scooter 
GOARES05DEL02 ,37,4.7,1,scooter 
PUNERES13DEL02 ,27,4.6,2,electric_scooter 
BANGRES01DEL03 ,20,4.8,2,scooter 
CHENRES11DEL02 ,20,4.7,0,motorcycle 
VADRES16DEL03 ,30,4.9,0,motorcycle 
COIMBRES18DEL02 ,20,4.8,0,motorcycle 
MUMRES03DEL01 ,32,4.8,1,motorcycle 
DEHRES13DEL01 ,31,4.5,1,motorcycle 
DEHRES06DEL03 ,39,4.0,1,motorcycle 
INDORES11DEL02 ,32,4.6,0,motorcycle 
VADRES08DEL02 ,30,4.2,0,motorcycle 
INDORES20DEL03 ,22,4.9,1,scooter 
SURRES20DEL03 ,25,4.9,0,motorcycle 
BANGRES12DEL03 ,32,4.0,0,motorcycle 
CHENRES01DEL02 ,30,5.0,2,motorcycle 
KNPRES09DEL03 ,28,4.6,1,motorcycle 
GOARES19DEL03 ,35,4.6,2,scooter 
INDORES010DEL02 ,38,4.9,2,motorcycle 
LUDHRES15DEL03 ,26,4.5,2,electric_scooter 
MYSRES18DEL02 ,21,4.8,2,motorcycle 
CHENRES07DEL01 ,20,4.8,2,electric_scooter 
PUNERES03DEL01 ,39,4.8,2,scooter 
KOLRES13DEL03 ,22,4.9,1,motorcycle 
HYDRES09DEL01 ,34,4.7,0,motorcycle 
CHENRES06DEL03 ,26,4.8,1,motorcycle 
BANGRES08DEL03 ,30,4.7,1,motorcycle 
MYSRES19DEL01 ,24,4.5,2,scooter 
BHPRES08DEL02 ,27,4.6,1,scooter 
INDORES03DEL03 ,39,4.8,0,motorcycle 
PUNERES18DEL02 ,36,4.3,0,motorcycle 
VADRES03DEL03 ,22,4.4,0,motorcycle 
AURGRES02DEL02 ,21,4.6,0,motorcycle 
INDORES19DEL01 ,35,4.7,1,scooter 
DEHRES09DEL02 ,32,5.0,0,motorcycle 
SURRES17DEL02 ,29,4.6,1,motorcycle 
SURRES14DEL02 ,23,4.7,2,motorcycle 
KOCRES06DEL01 ,36,4.3,2,scooter 
MUMRES16DEL02 ,38,4.9,0,motorcycle 
GOARES20DEL02 ,32,4.8,2,scooter 
GOARES16DEL03 ,21,5.0,2,scooter 
HYDRES18DEL01 ,22,4.9,2,scooter 
KNPRES01DEL02 ,32,4.6,2,scooter 
BANGRES19DEL03 ,39,4.8,0,motorcycle 
MUMRES19DEL01 ,32,4.6,0,motorcycle 
CHENRES12DEL01 ,29,4.7,0,motorcycle 
KOLRES19DEL01 ,29,4.5,2,motorcycle 
COIMBRES18DEL03 ,35,4.8,0,motorcycle 
INDORES04DEL01 ,37,4.6,2,electric_scooter 
MUMRES03DEL02 ,35,4.7,2,electric_scooter 
ALHRES16DEL02 ,37,4.8,2,scooter 
KNPRES14DEL01 ,38,4.1,0,motorcycle 
HYDRES02DEL02 ,33,4.9,1,motorcycle 
RANCHIRES03DEL01 ,27,4.1,1,scooter 
CHENRES20DEL03 ,26,4.5,1,scooter 
VADRES010DEL03 ,25,4.5,2,motorcycle 
PUNERES11DEL01 ,37,4.7,1,motorcycle 
KNPRES04DEL02 ,27,4.8,2,scooter 
AURGRES16DEL01 ,32,4.8,1,scooter 
INDORES02DEL01 ,34,4.7,0,motorcycle 
MUMRES19DEL02 ,24,4.6,0,motorcycle 
BHPRES17DEL01 ,33,5.0,0,motorcycle 
JAPRES02DEL02 ,35,4.7,1,scooter 
AGRRES03DEL02 ,32,4.7,1,motorcycle 
LUDHRES20DEL01 ,23,2.6,1,scooter 
MYSRES05DEL01 ,35,4.5,0,motorcycle 
COIMBRES11DEL03 ,39,5.0,1,motorcycle 
BHPRES20DEL02 ,30,4.9,2,scooter 
KOLRES06DEL03 ,22,4.8,0,motorcycle 
INDORES06DEL01 ,30,4.7,2,electric_scooter 
KNPRES11DEL03 ,27,4.8,0,motorcycle 
GOARES04DEL02 ,20,4.8,1,motorcycle 
MUMRES18DEL03 ,23,4.9,1,scooter 
LUDHRES09DEL02 ,22,4.7,2,electric_scooter 
HYDRES08DEL03 ,20,4.6,0,motorcycle 
KNPRES01DEL01 ,38,4.2,1,motorcycle 
BHPRES02DEL02 ,31,5.0,2,scooter 
PUNERES17DEL02 ,26,5.0,1,motorcycle 
AGRRES04DEL01 ,22,4.5,2,scooter 
MYSRES09DEL03 ,30,4.7,2,scooter 
SURRES06DEL03 ,37,4.6,1,motorcycle 
SURRES17DEL01 ,31,4.1,1,scooter 
JAPRES11DEL01 ,23,4.6,2,scooter 
RANCHIRES07DEL03 ,22,4.9,2,scooter 
GOARES03DEL01 ,31,4.7,0,motorcycle 
INDORES02DEL02 ,33,5.0,1,motorcycle 
ALHRES04DEL03 ,35,4.9,0,motorcycle 
BANGRES07DEL03 ,22,4.8,2,scooter 
LUDHRES20DEL02 ,30,4.7,1,motorcycle 
PUNERES08DEL01 ,25,4.6,2,scooter 
ALHRES14DEL01 ,35,4.9,1,motorcycle 
DEHRES02DEL03 ,37,4.9,0,motorcycle 
LUDHRES11DEL01 ,25,4.6,2,scooter 
MUMRES04DEL03 ,39,4.9,0,motorcycle 
RANCHIRES05DEL03 ,25,4.6,0,motorcycle 
PUNERES20DEL01 ,28,4.5,1,scooter 
PUNERES16DEL03 ,36,4.8,0,motorcycle 
KOLRES01DEL02 ,38,4.9,2,motorcycle 
MYSRES06DEL02 ,39,4.6,1,motorcycle 
SURRES11DEL03 ,29,4.5,0,motorcycle 
KNPRES19DEL01 ,34,4.3,0,motorcycle 
INDORES03DEL01 ,24,4.8,1,motorcycle 
PUNERES14DEL03 ,38,4.6,0,motorcycle 
LUDHRES08DEL02 ,36,4.8,0,motorcycle 
BHPRES010DEL03 ,38,4.9,2,scooter 
LUDHRES05DEL02 ,24,4.8,2,scooter 
RANCHIRES19DEL01 ,38,4.4,2,scooter 
DEHRES17DEL02 ,33,4.9,1,scooter 
INDORES15DEL01 ,20,4.7,0,motorcycle 
HYDRES06DEL02 ,35,5.0,1,scooter 
MYSRES11DEL01 ,37,4.8,1,scooter 
COIMBRES05DEL01 ,25,4.6,2,scooter 
HYDRES03DEL01 ,29,5.0,2,motorcycle 
RANCHIRES15DEL02 ,24,4.6,2,electric_scooter 
COIMBRES18DEL01 ,22,4.8,2,motorcycle 
RANCHIRES010DEL03 ,22,4.6,2,scooter 
AGRRES17DEL03 ,26,4.5,1,motorcycle 
GOARES12DEL02 ,33,4.9,2,scooter 
JAPRES07DEL01 ,24,4.8,1,scooter 
KOLRES06DEL01 ,31,4.8,0,motorcycle 
BHPRES09DEL01 ,24,4.8,1,scooter 
MYSRES01DEL01 ,20,4.4,0,motorcycle 
AURGRES12DEL03 ,26,4.5,1,scooter 
DEHRES11DEL03 ,22,4.9,2,scooter 
CHENRES13DEL03 ,29,5.0,2,scooter 
COIMBRES07DEL01 ,27,4.6,2,scooter 
DEHRES07DEL03 ,31,4.9,2,scooter 
KOLRES05DEL03 ,23,4.8,1,scooter 
COIMBRES05DEL02 ,39,4.9,1,motorcycle 
JAPRES11DEL02 ,30,4.8,2,electric_scooter 
ALHRES16DEL03 ,36,4.5,2,scooter 
PUNERES01DEL02 ,28,4.6,2,electric_scooter 
RANCHIRES12DEL01 ,39,4.7,2,scooter 
DEHRES18DEL01 ,39,4.6,1,scooter 
PUNERES16DEL01 ,36,5.0,0,motorcycle 
GOARES010DEL01 ,25,4.3,0,motorcycle 
MYSRES15DEL03 ,36,4.6,0,motorcycle 
INDORES16DEL03 ,33,4.9,0,motorcycle 
SURRES02DEL02 ,34,4.6,0,motorcycle 
BANGRES05DEL01 ,33,4.8,0,motorcycle 
GOARES14DEL03 ,37,4.6,0,motorcycle 
CHENRES13DEL02 ,28,4.0,0,motorcycle 
AGRRES14DEL02 ,23,4.2,2,scooter 
LUDHRES03DEL03 ,29,4.8,2,electric_scooter 
COIMBRES09DEL01 ,30,4.6,1,scooter 
DEHRES11DEL01 ,21,4.7,2,scooter 
MYSRES07DEL02 ,20,4.2,0,motorcycle 
HYDRES17DEL03 ,31,4.6,2,scooter 
AGRRES20DEL03 ,22,4.1,1,motorcycle 
MUMRES010DEL02 ,26,4.6,0,motorcycle 
DEHRES20DEL01 ,24,4.9,0,motorcycle 
GOARES010DEL02 ,27,4.7,2,scooter 
MYSRES14DEL01 ,33,4.9,1,motorcycle 
SURRES04DEL02 ,31,4.3,1,motorcycle 
MUMRES01DEL03 ,39,4.3,1,motorcycle 
RANCHIRES11DEL01 ,22,4.9,0,motorcycle 
ALHRES06DEL01 ,20,3.5,1,motorcycle 
KNPRES14DEL02 ,37,4.6,0,motorcycle 
BHPRES13DEL02 ,39,4.5,0,motorcycle 
RANCHIRES20DEL03 ,28,4.9,0,motorcycle 
MUMRES17DEL02 ,26,4.6,2,scooter 
JAPRES19DEL03 ,30,4.5,2,scooter 
BANGRES18DEL02 ,21,4.9,0,motorcycle 
BANGRES15DEL03 ,36,4.8,1,motorcycle 
BHPRES16DEL02 ,34,4.1,0,motorcycle 
JAPRES010DEL02 ,27,4.6,2,scooter 
JAPRES09DEL02 ,32,4.7,2,scooter 
AURGRES06DEL02 ,32,4.7,2,scooter 
MYSRES13DEL03 ,36,4.8,1,motorcycle 
MYSRES010DEL03 ,24,4.6,0,motorcycle 
LUDHRES010DEL02 ,39,3.5,1,scooter 
DEHRES04DEL01 ,38,4.8,0,motorcycle 
CHENRES01DEL03 ,25,4.9,1,scooter 
AGRRES18DEL02 ,29,4.7,1,motorcycle 
KNPRES15DEL01 ,34,4.9,1,scooter 
MUMRES17DEL03 ,33,3.6,1,motorcycle 
BANGRES05DEL02 ,28,4.8,2,electric_scooter 
JAPRES01DEL02 ,36,4.3,0,motorcycle 
PUNERES03DEL02 ,23,4.5,1,motorcycle 
KOLRES04DEL02 ,31,4.7,1,scooter 
KNPRES08DEL01 ,37,4.7,1,motorcycle 
KOCRES13DEL02 ,32,4.6,2,scooter 
VADRES17DEL01 ,21,4.6,2,electric_scooter 
JAPRES14DEL02 ,21,4.7,1,scooter 
INDORES01DEL03 ,33,3.9,1,motorcycle 
HYDRES19DEL01 ,38,4.9,2,scooter 
AGRRES05DEL02 ,31,4.8,0,motorcycle 
KOCRES19DEL02 ,25,4.6,1,motorcycle 
BHPRES18DEL01 ,26,4.6,2,electric_scooter 
MYSRES17DEL02 ,38,4.7,1,motorcycle 
VADRES07DEL03 ,25,4.6,2,electric_scooter 
KNPRES13DEL03 ,39,4.6,1,motorcycle 
JAPRES08DEL01 ,27,4.7,0,motorcycle 
INDORES05DEL03 ,31,5.0,1,motorcycle 
RANCHIRES13DEL01 ,38,4.7,2,motorcycle 
KOCRES16DEL02 ,35,4.5,1,scooter 
KOLRES16DEL01 ,25,4.0,0,motorcycle 
HYDRES14DEL01 ,34,4.9,0,motorcycle 
KOLRES15DEL03 ,21,4.7,0,motorcycle 
PUNERES19DEL02 ,25,4.1,0,motorcycle 
RANCHIRES06DEL02 ,31,4.7,2,electric_scooter 
COIMBRES13DEL01 ,37,5.0,1,motorcycle 
CHENRES19DEL02 ,33,4.3,2,scooter 
MUMRES02DEL01 ,25,4.0,1,motorcycle 
CHENRES01DEL01 ,29,4.5,2,electric_scooter 
JAPRES16DEL03 ,27,5.0,0,motorcycle 
SURRES15DEL03 ,35,4.3,1,scooter 
BANGRES09DEL03 ,32,4.0,0,motorcycle 
PUNERES04DEL01 ,23,4.8,2,electric_scooter 
COIMBRES02DEL03 ,31,4.8,2,motorcycle 
SURRES16DEL02 ,36,4.1,0,motorcycle 
GOARES15DEL02 ,26,4.3,0,motorcycle 
GOARES07DEL01 ,38,4.9,1,scooter 
RANCHIRES02DEL01 ,32,3.5,1,scooter 
PUNERES02DEL01 ,33,4.9,1,motorcycle 
PUNERES18DEL01 ,20,4.7,1,scooter 
SURRES08DEL01 ,20,4.8,2,scooter 
HYDRES17DEL02 ,35,5.0,2,scooter 
BANGRES17DEL02 ,26,4.9,2,scooter 
BANGRES17DEL01 ,22,4.8,1,motorcycle 
CHENRES11DEL01 ,35,4.3,1,motorcycle 
SURRES17DEL03 ,37,4.7,0,motorcycle 
MUMRES07DEL01 ,28,4.6,1,scooter 
KOLRES16DEL02 ,37,4.9,1,scooter 
MUMRES02DEL03 ,23,4.9,2,electric_scooter 
BANGRES05DEL03 ,27,4.9,1,scooter 
SURRES09DEL01 ,33,5.0,2,scooter 
RANCHIRES15DEL01 ,31,4.9,1,motorcycle 
BANGRES19DEL01 ,31,4.8,2,scooter 
AURGRES20DEL03 ,25,5.0,0,motorcycle 
COIMBRES14DEL02 ,28,4.8,0,motorcycle 
SURRES08DEL03 ,31,4.7,2,motorcycle 
COIMBRES07DEL03 ,24,4.7,0,motorcycle 
AGRRES12DEL03 ,39,4.6,1,motorcycle 
VADRES02DEL02 ,39,4.2,2,scooter 
JAPRES14DEL01 ,32,4.5,2,scooter 
VADRES04DEL03 ,36,4.7,1,motorcycle 
JAPRES18DEL02 ,25,4.8,1,scooter 
MYSRES04DEL03 ,33,4.9,2,scooter 
SURRES12DEL01 ,30,4.4,2,scooter 
MUMRES04DEL01 ,33,5.0,0,motorcycle 
ALHRES07DEL02 ,21,4.8,2,electric_scooter 
DEHRES19DEL02 ,39,4.9,2,motorcycle 
VADRES16DEL02 ,23,4.8,1,scooter 
VADRES09DEL01 ,35,4.8,2,scooter 
CHENRES12DEL03 ,39,4.6,1,scooter 
SURRES11DEL01 ,22,4.7,1,scooter 
SURRES01DEL01 ,32,4.6,1,scooter 
VADRES15DEL02 ,24,4.8,1,motorcycle 
MYSRES14DEL02 ,29,4.7,0,motorcycle 
HYDRES13DEL03 ,26,4.7,1,motorcycle 
GOARES09DEL01 ,30,4.8,2,scooter 
ALHRES20DEL01 ,26,4.9,1,motorcycle 
HYDRES01DEL02 ,20,4.1,0,motorcycle 
SURRES02DEL03 ,28,4.8,1,scooter 
INDORES18DEL03 ,38,4.6,1,scooter 
CHENRES17DEL03 ,33,4.9,1,scooter 
MUMRES06DEL02 ,23,4.7,1,scooter 
HYDRES17DEL01 ,23,4.6,2,motorcycle 
RANCHIRES07DEL01 ,28,4.6,0,motorcycle 
MUMRES11DEL03 ,32,4.5,1,motorcycle 
CHENRES20DEL02 ,36,4.9,0,motorcycle 
KOCRES12DEL03 ,30,4.7,2,motorcycle 
BANGRES16DEL02 ,22,4.8,2,scooter 
HYDRES14DEL03 ,22,4.3,0,motorcycle 
PUNERES01DEL01 ,20,4.6,2,scooter 
KNPRES03DEL02 ,35,5.0,2,scooter 
AGRRES19DEL01 ,39,4.4,1,scooter 
ALHRES01DEL02 ,23,NaN,0,motorcycle 
DEHRES16DEL03 ,33,4.6,2,electric_scooter 
SURRES09DEL03 ,39,4.7,1,motorcycle 
RANCHIRES19DEL03 ,24,4.4,0,motorcycle 
GOARES14DEL01 ,27,5.0,1,scooter 
KOLRES08DEL02 ,22,4.9,1,motorcycle 
HYDRES20DEL03 ,24,4.5,2,scooter 
AGRRES17DEL01 ,36,4.8,2,scooter 
HYDRES15DEL03 ,35,4.1,0,motorcycle 
CHENRES16DEL01 ,32,3.5,2,scooter 
GOARES05DEL03 ,27,5.0,1,scooter 
KNPRES06DEL03 ,35,4.7,0,motorcycle 
KOCRES17DEL01 ,27,4.7,0,motorcycle 
VADRES05DEL03 ,38,4.3,2,scooter 
KOLRES08DEL03 ,34,4.1,0,motorcycle 
INDORES16DEL01 ,23,4.8,0,motorcycle 
JAPRES19DEL01 ,27,4.8,0,motorcycle 
DEHRES05DEL03 ,35,4.3,2,scooter 
VADRES12DEL03 ,26,4.6,2,scooter 
KOCRES15DEL02 ,24,4.9,2,scooter 
JAPRES02DEL03 ,28,4.9,2,scooter 
AGRRES16DEL03 ,33,4.6,1,scooter 
VADRES03DEL01 ,24,4.3,1,motorcycle 
CHENRES05DEL01 ,38,3.6,1,scooter 
LUDHRES15DEL02 ,38,4.1,1,scooter 
ALHRES07DEL01 ,20,4.8,1,scooter 
COIMBRES15DEL03 ,26,5.0,1,scooter 
INDORES17DEL01 ,23,4.6,0,motorcycle 
GOARES18DEL03 ,25,4.6,2,scooter 
DEHRES16DEL02 ,22,4.7,0,motorcycle 
AURGRES02DEL01 ,25,4.5,1,motorcycle 
COIMBRES08DEL03 ,35,4.8,2,motorcycle 
LUDHRES17DEL01 ,20,4.4,0,motorcycle 
INDORES14DEL03 ,28,4.0,1,motorcycle 
GOARES01DEL01 ,22,4.7,2,motorcycle 
JAPRES12DEL02 ,23,4.6,1,motorcycle 
COIMBRES16DEL03 ,36,4.5,2,electric_scooter 
BHPRES20DEL01 ,31,5.0,1,scooter 
AURGRES010DEL01 ,20,5.0,0,motorcycle 
DEHRES13DEL02 ,27,4.1,2,scooter 
KOCRES09DEL02 ,32,4.8,0,motorcycle 
KOLRES14DEL03 ,35,4.6,2,scooter 
MUMRES05DEL01 ,30,4.5,1,motorcycle 
VADRES17DEL03 ,22,4.0,0,motorcycle 
KNPRES16DEL02 ,24,4.5,0,motorcycle 
KNPRES04DEL03 ,28,5.0,0,motorcycle 
KOCRES03DEL02 ,27,4.5,2,electric_scooter 
PUNERES13DEL01 ,28,4.7,0,motorcycle 
HYDRES08DEL02 ,24,4.8,2,motorcycle 
GOARES08DEL03 ,37,4.5,0,motorcycle 
BHPRES13DEL01 ,38,4.6,1,motorcycle 
AURGRES12DEL01 ,26,4.7,2,electric_scooter 
CHENRES03DEL02 ,29,4.0,2,scooter 
GOARES06DEL02 ,34,4.7,2,scooter 
KOLRES16DEL03 ,24,4.8,0,motorcycle 
AURGRES04DEL01 ,35,4.2,0,motorcycle 
MUMRES08DEL02 ,26,4.9,0,motorcycle 
KNPRES12DEL02 ,21,4.7,1,motorcycle 
MYSRES04DEL02 ,39,4.9,1,motorcycle 
RANCHIRES14DEL03 ,25,4.9,0,motorcycle 
MYSRES01DEL03 ,38,4.7,2,electric_scooter 
MUMRES04DEL02 ,25,4.7,0,motorcycle 
KOLRES14DEL01 ,37,5.0,1,motorcycle 
COIMBRES04DEL03 ,32,4.9,2,scooter 
SURRES03DEL03 ,29,4.7,2,electric_scooter 
DEHRES03DEL03 ,-1,NaN,2,electric_scooter 
SURRES05DEL03 ,35,4.5,0,motorcycle 
GOARES09DEL02 ,32,4.8,2,electric_scooter 
KOLRES12DEL02 ,34,4.5,2,electric_scooter 
CHENRES13DEL01 ,34,4.7,2,electric_scooter 
LUDHRES12DEL03 ,31,4.9,2,motorcycle 
MUMRES09DEL01 ,22,4.7,2,scooter 
MUMRES03DEL03 ,23,4.7,0,motorcycle 
DEHRES010DEL03 ,22,4.5,2,scooter 
KNPRES010DEL03 ,21,4.8,0,motorcycle 
KOLRES19DEL03 ,33,4.9,2,electric_scooter 
GOARES12DEL01 ,25,4.8,1,scooter 
COIMBRES08DEL02 ,26,5.0,0,motorcycle 
DEHRES11DEL02 ,37,4.5,1,motorcycle 
SURRES07DEL03 ,28,4.5,2,scooter 
HYDRES01DEL03 ,33,4.6,1,motorcycle 
LUDHRES19DEL01 ,24,4.7,1,motorcycle 
AURGRES18DEL03 ,24,4.7,0,motorcycle 
KOCRES08DEL02 ,39,4.8,0,motorcycle 
ALHRES03DEL03 ,36,5.0,2,electric_scooter 
GOARES02DEL03 ,30,4.2,0,motorcycle 
KNPRES07DEL03 ,33,4.7,2,scooter 
BHPRES02DEL01 ,38,4.6,1,scooter 
ALHRES01DEL01 ,27,4.5,0,motorcycle 
KOCRES13DEL03 ,38,4.7,0,motorcycle 
SURRES13DEL01 ,21,4.7,1,motorcycle 
MYSRES12DEL01 ,27,4.7,2,scooter 
SURRES010DEL03 ,22,4.6,0,motorcycle 
KNPRES13DEL02 ,24,4.5,2,scooter 
KOLRES18DEL02 ,34,4.7,1,motorcycle 
KOCRES15DEL01 ,26,4.9,2,motorcycle 
BHPRES01DEL03 ,36,4.8,2,scooter 
LUDHRES02DEL01 ,33,4.9,0,motorcycle 
GOARES16DEL01 ,22,4.9,2,scooter 
GOARES15DEL01 ,32,4.4,1,motorcycle 
LUDHRES14DEL03 ,26,4.4,2,scooter 
GOARES13DEL02 ,30,4.9,2,scooter 
AGRRES12DEL02 ,24,4.8,0,motorcycle 
DEHRES13DEL03 ,21,4.4,0,motorcycle 
AURGRES15DEL02 ,32,4.5,0,motorcycle 
DEHRES09DEL03 ,27,4.3,0,motorcycle 
VADRES06DEL02 ,37,4.6,2,electric_scooter 
DEHRES15DEL01 ,32,4.7,2,motorcycle 
LUDHRES13DEL01 ,39,4.7,2,scooter 
LUDHRES03DEL01 ,30,4.3,1,scooter 
COIMBRES01DEL02 ,31,4.7,1,motorcycle 
ALHRES14DEL02 ,23,5.0,0,motorcycle 
PUNERES03DEL03 ,23,4.7,1,motorcycle 
RANCHIRES08DEL03 ,27,4.7,1,motorcycle 
AURGRES18DEL02 ,24,5.0,1,scooter 
KOCRES010DEL03 ,29,4.7,0,motorcycle 
KNPRES19DEL02 ,28,4.9,0,motorcycle 
AURGRES19DEL03 ,34,5.0,2,motorcycle 
KOCRES010DEL02 ,27,4.4,0,motorcycle 
MUMRES12DEL03 ,26,4.7,0,motorcycle 
AURGRES08DEL01 ,20,4.7,1,motorcycle 
KOLRES19DEL02 ,27,4.9,1,motorcycle 
DEHRES16DEL01 ,31,4.5,0,motorcycle 
CHENRES06DEL01 ,31,4.9,2,motorcycle 
KNPRES11DEL01 ,39,5.0,0,motorcycle 
INDORES04DEL03 ,39,4.8,2,electric_scooter 
KOLRES010DEL03 ,24,4.8,0,motorcycle 
AGRRES07DEL01 ,37,4.7,0,motorcycle 
INDORES19DEL03 ,26,4.1,1,scooter 
BHPRES12DEL03 ,21,4.6,2,electric_scooter 
GOARES13DEL03 ,38,4.8,2,scooter 
KOCRES14DEL03 ,32,4.6,0,motorcycle 
HYDRES09DEL02 ,26,4.7,0,motorcycle 
KOCRES18DEL01 ,29,4.8,0,motorcycle 
KNPRES02DEL03 ,37,4.9,0,motorcycle 
KOLRES09DEL02 ,39,4.9,1,motorcycle 
GOARES14DEL02 ,38,4.3,2,electric_scooter 
HYDRES07DEL03 ,38,4.6,0,motorcycle 
KOCRES12DEL01 ,34,4.1,2,electric_scooter 
ALHRES13DEL03 ,38,4.2,0,motorcycle 
DEHRES06DEL02 ,22,4.9,2,scooter 
KOLRES15DEL02 ,21,4.7,2,electric_scooter 
COIMBRES12DEL01 ,28,4.6,0,motorcycle 
VADRES18DEL03 ,35,3.5,1,scooter 
LUDHRES14DEL01 ,37,4.0,1,scooter 
BHPRES06DEL01 ,33,5.0,2,electric_scooter 
KOLRES010DEL02 ,21,4.6,0,motorcycle 
AURGRES07DEL03 ,26,4.6,1,scooter 
ALHRES18DEL03 ,21,5.0,0,motorcycle 
GOARES04DEL03 ,27,4.7,2,electric_scooter 
RANCHIRES05DEL02 ,34,4.6,1,motorcycle 
GOARES09DEL03 ,37,4.5,2,scooter 
COIMBRES08DEL01 ,33,4.0,2,motorcycle 
AGRRES01DEL03 ,26,4.8,1,motorcycle 
KOLRES20DEL03 ,26,4.7,2,electric_scooter 
DEHRES05DEL01 ,39,4.8,0,motorcycle 
ALHRES03DEL01 ,33,4.0,2,electric_scooter 
KOLRES03DEL01 ,20,4.5,2,electric_scooter 
LUDHRES11DEL02 ,33,4.7,0,motorcycle 
KNPRES13DEL01 ,27,4.2,2,electric_scooter 
AURGRES08DEL03 ,27,4.8,1,motorcycle 
AGRRES06DEL03 ,29,4.7,2,electric_scooter 
MYSRES06DEL03 ,39,4.6,1,motorcycle 
KOCRES08DEL01 ,33,4.8,0,motorcycle 
ALHRES14DEL03 ,23,4.8,2,electric_scooter 
DEHRES18DEL02 ,29,4.4,0,motorcycle 
AGRRES15DEL02 ,28,4.9,1,scooter 
LUDHRES11DEL03 ,25,4.9,1,motorcycle 
BHPRES15DEL02 ,25,4.8,2,scooter 
DEHRES17DEL01 ,30,4.9,2,scooter 
GOARES11DEL02 ,22,4.7,1,motorcycle 
PUNERES20DEL03 ,26,4.4,0,motorcycle 
LUDHRES09DEL03 ,25,4.8,1,scooter 
GOARES07DEL03 ,30,3.8,1,scooter 
BHPRES010DEL01 ,25,4.7,0,motorcycle 
INDORES01DEL01 ,38,4.3,0,motorcycle 
KOCRES01DEL03 ,27,4.6,0,motorcycle 
KOCRES05DEL02 ,32,3.6,1,scooter 
DEHRES17DEL03 ,34,4.9,2,electric_scooter 
JAPRES01DEL01 ,26,5.0,1,motorcycle 
KOCRES02DEL01 ,35,5.0,1,scooter 
RANCHIRES19DEL02 ,26,4.7,0,motorcycle 
MUMRES12DEL02 ,32,4.8,1,motorcycle 
KOCRES03DEL03 ,39,4.9,1,scooter 
KOCRES12DEL02 ,33,4.7,2,scooter 
GOARES16DEL02 ,31,4.5,0,motorcycle 
ALHRES08DEL02 ,27,4.8,1,scooter 
AGRRES07DEL03 ,37,4.2,2,electric_scooter 
PUNERES04DEL02 ,31,4.7,0,motorcycle 
KNPRES17DEL03 ,27,4.9,2,scooter 
AURGRES09DEL02 ,22,4.6,2,scooter 
KNPRES18DEL02 ,39,4.8,1,motorcycle 
LUDHRES19DEL02 ,20,4.8,2,motorcycle 
ALHRES04DEL01 ,27,4.6,2,electric_scooter 
GOARES03DEL02 ,22,2.6,1,scooter 
ALHRES01DEL03 ,20,3.1,1,motorcycle 
LUDHRES16DEL02 ,27,4.8,0,motorcycle 
KOCRES07DEL02 ,20,4.7,1,motorcycle 
MYSRES03DEL03 ,37,4.6,2,scooter 
AGRRES03DEL03 ,30,4.5,1,motorcycle 
AURGRES20DEL02 ,32,4.5,2,scooter 
KOLRES17DEL01 ,23,5.0,2,electric_scooter 
LUDHRES17DEL03 ,27,4.0,2,motorcycle 
SURRES01DEL03 ,20,4.9,0,motorcycle 
ALHRES17DEL01 ,38,3.6,2,motorcycle 
KOLRES08DEL01 ,33,4.1,0,motorcycle 
KOCRES11DEL03 ,33,5.0,1,motorcycle 
LUDHRES02DEL02 ,27,4.6,1,scooter 
BHPRES07DEL03 ,38,4.6,1,scooter 
BHPRES01DEL01 ,22,4.5,0,motorcycle 
COIMBRES20DEL01 ,30,4.7,1,scooter 
DEHRES19DEL03 ,27,4.4,0,motorcycle 
BHPRES13DEL03 ,23,4.8,2,motorcycle 
BHPRES01DEL02 ,32,4.1,1,scooter 
AURGRES17DEL03 ,21,5.0,1,motorcycle 
AURGRES14DEL02 ,39,4.1,2,scooter 
KOLRES09DEL03 ,29,4.8,0,motorcycle 
DEHRES04DEL02 ,38,4.8,1,scooter 
KNPRES07DEL02 ,37,4.7,1,scooter 
AGRRES04DEL03 ,22,4.0,0,motorcycle 
AGRRES13DEL02 ,31,4.7,0,motorcycle 
ALHRES18DEL01 ,20,4.8,0,motorcycle 
AGRRES17DEL02 ,35,4.4,2,electric_scooter 
AGRRES09DEL01 ,23,4.6,1,scooter 
GOARES11DEL01 ,34,5.0,2,scooter 
LUDHRES06DEL03 ,29,4.8,1,scooter 
AURGRES15DEL03 ,21,4.4,0,motorcycle 
BHPRES16DEL01 ,21,4.9,0,motorcycle 
KOLRES11DEL03 ,23,4.8,1,motorcycle 
DEHRES15DEL03 ,31,4.9,1,motorcycle 
KOCRES07DEL01 ,38,4.6,1,scooter 
GOARES01DEL02 ,39,4.6,2,scooter 
ALHRES08DEL01 ,30,4.6,2,motorcycle 
DEHRES07DEL01 ,20,4.1,2,motorcycle 
LUDHRES17DEL02 ,20,4.7,0,motorcycle 
KNPRES010DEL02 ,22,5.0,2,electric_scooter 
KOLRES11DEL01 ,21,4.9,1,motorcycle 
DEHRES09DEL01 ,38,4.0,1,scooter 
KOLRES13DEL02 ,39,4.7,1,scooter 
KOCRES16DEL03 ,30,4.8,0,motorcycle 
BHPRES04DEL02 ,37,4.8,2,electric_scooter 
KNPRES03DEL03 ,33,4.4,0,motorcycle 
KOLRES02DEL03 ,24,5.0,0,motorcycle 
ALHRES15DEL03 ,37,4.6,2,scooter 
BANGRES03DEL01 ,20,5.0,1,scooter 
AGRRES13DEL03 ,31,4.7,2,electric_scooter 
DEHRES14DEL03 ,29,4.9,0,motorcycle 
KOCRES02DEL02 ,34,5.0,2,scooter 
KOLRES02DEL01 ,25,4.9,2,electric_scooter 
ALHRES05DEL03 ,30,4.6,0,motorcycle 
AGRRES06DEL01 ,27,4.9,1,scooter 
ALHRES02DEL02 ,34,4.9,1,scooter 
DEHRES15DEL02 ,34,4.6,0,motorcycle 
KOCRES04DEL02 ,28,4.6,0,motorcycle 
KOCRES18DEL03 ,28,4.9,1,scooter 
BHPRES16DEL03 ,31,4.6,1,motorcycle 
BHPRES03DEL01 ,29,4.1,0,motorcycle 
KNPRES05DEL03 ,34,4.8,0,motorcycle 
KOLRES06DEL02 ,25,4.5,1,motorcycle 
JAPRES17DEL01 ,33,4.0,2,scooter 
AGRRES05DEL01 ,27,4.6,2,scooter 
KNPRES12DEL03 ,26,5.0,0,motorcycle 
DEHRES20DEL02 ,32,4.6,2,scooter 
ALHRES09DEL03 ,28,4.9,2,motorcycle 
AURGRES17DEL02 ,35,4.8,0,motorcycle 
AGRRES19DEL02 ,35,4.9,0,motorcycle 
LUDHRES15DEL01 ,22,4.8,2,electric_scooter 
BHPRES18DEL03 ,39,4.2,1,motorcycle 
GOARES15DEL03 ,39,4.8,1,scooter 
KNPRES07DEL01 ,34,4.8,2,scooter 
LUDHRES16DEL03 ,31,4.7,0,motorcycle 
KNPRES14DEL03 ,32,4.6,2,motorcycle 
KNPRES09DEL02 ,35,4.6,0,motorcycle 
BHPRES15DEL01 ,23,4.8,1,motorcycle 
KNPRES06DEL01 ,29,4.6,0,motorcycle 
DEHRES06DEL01 ,25,5.0,2,scooter 
KNPRES010DEL01 ,21,4.8,0,motorcycle 
ALHRES06DEL02 ,30,4.4,0,motorcycle 
ALHRES010DEL01 ,32,4.7,2,motorcycle 
KOLRES05DEL01 ,26,4.6,0,motorcycle 
AGRRES010DEL03 ,33,4.9,2,electric_scooter 
GOARES02DEL02 ,24,4.9,0,motorcycle 
KOLRES01DEL03 ,34,4.8,1,scooter 
KNPRES09DEL01 ,39,4.0,1,scooter 
DEHRES14DEL01 ,36,4.8,1,motorcycle 
ALHRES04DEL02 ,37,4.1,2,electric_scooter 
AGRRES14DEL01 ,29,4.9,1,scooter 
LUDHRES13DEL02 ,34,3.8,1,scooter 
LUDHRES05DEL01 ,25,4.9,2,electric_scooter 
AGRRES13DEL01 ,35,4.8,0,motorcycle 
GOARES08DEL02 ,35,4.4,1,scooter 
AURGRES15DEL01 ,31,4.0,0,motorcycle 
GOARES08DEL01 ,24,4.6,0,motorcycle 
BHPRES17DEL03 ,26,4.8,0,motorcycle 
BHPRES010DEL02 ,32,4.7,0,motorcycle 
AURGRES07DEL01 ,36,4.8,1,scooter 
AURGRES05DEL03 ,28,4.6,2,scooter 
GOARES13DEL01 ,35,4.7,1,motorcycle 
ALHRES15DEL02 ,36,4.5,0,motorcycle 
DEHRES01DEL02 ,29,5.0,1,scooter 
GOARES18DEL01 ,23,4.6,0,motorcycle 
KOCRES06DEL03 ,22,4.8,2,motorcycle 
KOLRES07DEL03 ,31,5.0,2,scooter 
KOCRES19DEL03 ,35,4.8,1,motorcycle 
DEHRES03DEL02 ,34,4.7,0,motorcycle 
KNPRES06DEL02 ,24,4.9,2,scooter 
LUDHRES18DEL02 ,33,3.9,2,scooter 
BHPRES14DEL01 ,29,4.8,0,motorcycle 
MYSRES03DEL02 ,32,4.2,0,motorcycle 
BHPRES02DEL03 ,28,4.9,1,scooter 
KNPRES08DEL03 ,25,4.7,1,scooter 
KOLRES09DEL01 ,32,5.0,0,motorcycle 
GOARES17DEL02 ,30,4.3,0,motorcycle 
KOCRES20DEL02 ,20,4.5,1,scooter 
KOCRES16DEL01 ,37,4.0,0,motorcycle 
ALHRES16DEL01 ,21,4.9,0,motorcycle 
ALHRES13DEL02 ,28,5.0,2,scooter 
KOLRES010DEL01 ,29,4.8,0,motorcycle 
LUDHRES09DEL01 ,38,4.0,1,scooter 
DEHRES08DEL02 ,36,4.6,2,motorcycle 
ALHRES19DEL02 ,20,4.7,1,scooter 
DEHRES03DEL01 ,20,4.9,2,scooter 
DEHRES010DEL02 ,39,5.0,1,motorcycle 
KOCRES01DEL01 ,37,4.6,1,motorcycle 
AURGRES010DEL03 ,23,4.6,1,scooter 
ALHRES17DEL02 ,20,5.0,2,motorcycle 
KOLRES13DEL01 ,33,4.6,2,electric_scooter 
AGRRES18DEL03 ,24,4.1,2,motorcycle 
MUMRES14DEL01 ,38,4.9,1,motorcycle 
ALHRES02DEL03 ,23,4.9,1,scooter 
DEHRES20DEL03 ,25,4.6,0,motorcycle 
KOLRES01DEL01 ,29,4.0,1,scooter 
ALHRES03DEL02 ,26,4.8,2,scooter 
KOCRES20DEL03 ,24,5.0,0,motorcycle 
BHPRES19DEL03 ,25,4.6,2,motorcycle 
AGRRES20DEL02 ,38,4.5,0,motorcycle 
ALHRES20DEL03 ,34,5.0,2,scooter 
LUDHRES04DEL02 ,27,4.7,1,motorcycle 
AURGRES05DEL01 ,25,4.8,2,scooter 
DEHRES02DEL02 ,24,4.8,1,motorcycle 
LUDHRES19DEL03 ,30,4.7,0,motorcycle 
AURGRES17DEL01 ,24,4.8,2,electric_scooter 
AGRRES14DEL03 ,38,4.9,2,motorcycle 
LUDHRES14DEL02 ,23,4.9,1,motorcycle 
BHPRES05DEL02 ,36,4.9,1,motorcycle 
KOCRES09DEL01 ,30,4.7,1,motorcycle 
KOCRES11DEL02 ,29,5.0,1,motorcycle 
DEHRES12DEL01 ,21,4.6,1,scooter 
AGRRES06DEL02 ,22,4.6,1,motorcycle 
AURGRES16DEL02 ,32,5.0,2,scooter 
AGRRES20DEL01 ,35,4.7,0,motorcycle 
BHPRES09DEL03 ,29,4.3,0,motorcycle 
AURGRES01DEL03 ,32,4.6,1,scooter 
GOARES06DEL03 ,34,4.2,0,motorcycle 
AGRRES05DEL03 ,39,4.8,1,motorcycle 
GOARES06DEL01 ,21,4.8,0,motorcycle 
LUDHRES07DEL01 ,37,4.9,0,motorcycle 
KOCRES07DEL03 ,20,4.9,2,scooter 
KOCRES13DEL01 ,37,4.7,0,motorcycle 
AURGRES11DEL02 ,20,4.8,2,motorcycle 
AGRRES02DEL01 ,37,4.4,0,motorcycle 
KOCRES05DEL01 ,32,4.0,0,motorcycle 
AURGRES11DEL03 ,39,4.7,0,motorcycle 
KOCRES17DEL03 ,32,4.8,2,scooter 
ALHRES02DEL01 ,38,4.7,2,scooter 
KNPRES04DEL01 ,35,4.7,1,scooter 
KNPRES17DEL01 ,38,4.5,0,motorcycle 
BHPRES05DEL03 ,27,4.5,0,motorcycle 
KOCRES01DEL02 ,39,4.6,1,scooter 
AGRRES19DEL03 ,22,4.7,2,scooter 
GOARES20DEL03 ,31,4.8,1,motorcycle 
KNPRES20DEL03 ,29,4.5,1,scooter 
AGRRES18DEL01 ,35,4.9,1,scooter 
BHPRES18DEL02 ,26,4.6,1,motorcycle 
GOARES05DEL01 ,27,4.7,0,motorcycle 
AGRRES12DEL01 ,33,5.0,1,scooter 
BHPRES14DEL02 ,23,5.0,0,motorcycle 
BHPRES19DEL01 ,25,5.0,1,motorcycle 
KOLRES02DEL02 ,37,4.6,0,motorcycle 
AGRRES01DEL01 ,34,4.8,2,electric_scooter 
KOCRES04DEL03 ,20,5.0,1,motorcycle 
KNPRES20DEL01 ,31,4.7,2,electric_scooter 
ALHRES15DEL01 ,24,4.7,2,motorcycle 
AURGRES06DEL03 ,20,5.0,1,motorcycle 
GOARES18DEL02 ,28,4.8,1,motorcycle 
LUDHRES12DEL01 ,20,4.6,2,scooter 
KOLRES05DEL02 ,24,4.6,1,scooter 
KOCRES19DEL01 ,29,4.1,2,motorcycle 
AURGRES04DEL03 ,31,4.6,1,scooter 
BHPRES11DEL02 ,29,5.0,0,motorcycle 
ALHRES05DEL02 ,24,4.9,0,motorcycle 
BHPRES11DEL01 ,20,5.0,1,motorcycle 
BHPRES09DEL02 ,35,4.6,0,motorcycle 
ALHRES13DEL01 ,21,4.6,1,scooter 
GOARES12DEL03 ,37,4.7,2,scooter 
KOCRES02DEL03 ,23,4.5,2,scooter 
BHPRES17DEL02 ,34,4.7,2,electric_scooter 
LUDHRES010DEL01 ,39,4.2,0,motorcycle 
LUDHRES06DEL01 ,22,4.5,0,motorcycle 
DEHRES01DEL03 ,35,4.7,0,motorcycle 
KOLRES20DEL01 ,38,4.8,1,motorcycle 
BHPRES20DEL03 ,27,4.8,0,motorcycle 
KNPRES02DEL01 ,35,4.7,0,motorcycle 
ALHRES19DEL01 ,28,4.9,1,motorcycle 
AURGRES010DEL02 ,35,4.3,1,motorcycle 
KOCRES17DEL02 ,38,4.7,0,motorcycle 
AGRRES08DEL01 ,32,5.0,2,scooter 
DEHRES18DEL03 ,21,4.7,2,scooter 
KOCRES18DEL02 ,39,4.2,0,motorcycle 
DEHRES05DEL02 ,38,4.5,0,motorcycle 
ALHRES010DEL03 ,32,4.8,0,motorcycle 
AGRRES11DEL01 ,38,4.7,2,scooter 
KOLRES07DEL01 ,26,4.9,2,scooter 
KNPRES18DEL03 ,35,4.5,2,scooter 
AGRRES16DEL02 ,26,4.5,1,scooter 
LUDHRES01DEL01 ,26,4.9,0,motorcycle 
ALHRES06DEL03 ,29,4.7,1,scooter 
AURGRES09DEL01 ,28,5.0,1,scooter 
KOCRES06DEL02 ,35,4.8,2,motorcycle 
KNPRES18DEL01 ,28,4.9,2,scooter 
BHPRES08DEL03 ,34,4.7,0,motorcycle 
AURGRES13DEL01 ,27,4.8,0,motorcycle 
LUDHRES03DEL02 ,31,4.2,0,motorcycle 
KNPRES05DEL01 ,20,4.8,1,motorcycle 
AURGRES13DEL03 ,38,5.0,1,scooter 
KOCRES08DEL03 ,26,4.7,0,motorcycle 
KOCRES04DEL01 ,24,4.8,1,scooter 
KNPRES20DEL02 ,21,5.0,1,scooter 
BHPRES06DEL03 ,32,4.1,0,motorcycle 
GOARES03DEL03 ,36,4.1,1,scooter 
GOARES01DEL03 ,24,4.7,2,scooter 
